Comments,Labels
Alah yfrja 3lik amen,1
Tu es le meilleur,1
#saad_lamjarred_innocent. #justuceforsaadlamjarred. #je_suis_saadlamjarred #freesaadlamjarred,1
الله يفرج همك وييسر امرك يارب العالمين,1
الله يفرجها عليه,1
ربنا هيسهلها,1
الله يفرجها عليه ياربي,1
الله يفرجها عليه والله يفكو على خير,1
كلنا معك ونطلب من الله عز وجل أن يظهر الحق. تابعت القصة منذ البداية وفهمت بأنها خطة للإطاحة بك. الله ينصرك عليهم,1
لكل قصة بداية ونهاية ؛ ستفرج باذن الله عز وجل,1
كلنا سعد المجرد,1
الله يفرجها عليه,1
#كلنا_سعد_لمجرد,1
الله افك محاينك يا حبيبي سعد,1
ربنا يصبرك ويفرجها عليك,1
اناأخي سعدالمجرد أنت طبيب أحسن فنان في العالم شعرن كلنا سعدالمجرد,1
"
قوتنا وحدة معاك يا معلم فوز
اكيد راح ترجع إن شاءلله يارب العالمين",1
الله يفرج عنك ويهديك يارب,1
ربنا معاك ينجيك من كل شر ويفك كربك يارب,1
"الله يفرجها عليك خويا لعزيز سعد الصلاة و قراءة القرآن الكريم و الدعاء الله معك لا تخاف الله لا ينساك
",1
نحنا معاك,1
الله معاك,1
الله معك وحني معك,1
"اصلي اقرا قرآن , غير الخرطي.",1
حنة معاك وربي غيبين الحق ديما سعد,1
الله ايفرجها اعايك يارب اوترجع الوالديك اوجوزتك يارب العالمين,1
si saad allah ifaraj 3lik oui farhak oui farah walidik bik ollah isabrak lhamdoulillah li9albak fih l iman ofidanya nas lihabouk rah id3iw lik bilkhir ollah yakhoud lha9 fil a3dae likanou sbab lmafroud dima ikounou m3ak horas lihmiwak hata men nafsak ,1
sisaad allah ifaraj 3alik ouifarhak ouifarah walidikbik lilasaf men ba3d clip rghaltana omen ba3,1
,1
وخا معنديش معاه ولاكن باينة لصقوها ليه الله يصاوب وصافي,1
الله يفرجها عليك اخويا,1
الإيمان لله سبحانة وتعالى,1
"الايمان بالله العلي العظيم وحده لا شريك له
ويبقى العلم لله",1
يارب يطلق صراحك في أقرب وقت ممكن,1
آلله يفرجهاعليك ياالله,1
سعد كان وسيظل ظاهرة لم ولن تتكرر في التاريخ,1
"الله انصر الحق على الباطل ،",1
Laytl9.sraho.,1
Alaah yfarja 3alik,1
Alah.m3ak.a5oya.sa3da.dima.kand3i.m3ak.a5oya.sa3da.lah.ijib.chi5bar.l5ir.,1
غاص كلشي يضمن مع سعد المجرد ولد بلادنا,1
Lah utla9 srahou,1
allah yesaweblo,1
Allah ychoufik,1
Allah maaakom,1
Alahe ayfaraje a3lihe,1
Lah ytl9 sraho,1
تفرج بإذن الله,1
الله يطلق سراحو ويفرجها عليه,1
الله يطلق سراحو يارب العالمين,1
"انصر أخاك ظالما أو مظلوما
الله يطلق سراحك",1
الله معك يا أحلى الناس,1
الله افرجها عليه,1
الله يكون معاك وجنبك ويفرجها عليك,1
ان شاء الله الفرج القريب والله يظهر الحق بابسط الامور,1
براءة ان شاءلله,1
البراءة إن شاء الله يارب,1
البراءة انشاء الله,1
فرج الله قريب انشاء الله,1
الله معك ولدي,1
قليك حكمو عليه ب 20 عام ديال لحبس واش بصح,1
فرج إن شاءلله,1
ان شاء الله النصر والنصر سعد الغزال الله ينصرك,1
البراءة إن شاءلله يارب,1
الله يفرجها عليك يا سعد قلوبنا معك,1
ربي معاك سعد,1
Alahyfarajha alih yarab,1
Amin,1
الله يفرجا عليك والله يحفظك,1
رمضان كريم . اللهم فرج كربتك,1
ان شاء الله يارب رمضان المبارك اعاده الله عليكم باليمن والبركات,1
الله يطلق سراحك اولدي ببركه هاد الايام المباركه ان شاء الله !!!!,1
رمضان كريم الله يفرج ضيقتك ويطلق سراحك عما قريب ان شاء الله ماضاقت الا فرجت,1
رمضان كريم بالفرج انشاءالله الله يكون معاك ويطلق سراحك,1
و رمضان أبرم و أكرم الله يطلق السراح على خير,1
رمضان كريم والله يفرجها عليك ويوقف الله حقك في العديان يارب,1
وانت بالف خير يارب,1
إمتحان صعب جدا ولاكن في نفس الوقت ربي دارلك فيه الخير ستخرج منه ونت حافض ٦٠ حزبا إن شاء الله وستجود لنا القرآن بلا صت الغناء وستغرد لنا بصوتك الجميل العذب قصائد في مدح رسول الله رمضان مبارك سعيد ندعو لك بالفرج لا تحزن فالرجال لها وأين أنت من مكر ا… See more,1
علين وعليك أن شاء الله,1
رمضان كريم وان شاء الله الفرج عن قريب,1
رمضان كريم الله يفرج عليك.,1
ان شاء الله رمضان كريم,1
وانت كذلك رمضان كريم والله يفرجها عليك في القريب ان شاء الله,1
ان شاء الله الفرج قريب رمضان كريم وكل عام وانت بالف خير,1
ان شاء الله الفرج,1
الله يفرجها عليك يارحمان يارحيم في هاد الايام المباركة عند الله,1
فرج قريب ان شاء الله,1
"رمضان كريم
يارب
اجعله
شهراً
مقدساً
كل من يغيب عن أهله من غير ايرادته يعود بسلام ويخفف كربه يارب",1
رمضان مبارك كل عام وانت بألف خير وصحة وسلامة,1
"يارب العالمين تكون هاذي صفحتك حقيقية يافنان
اسأل الله ان يفرج همك وييسر امرك",1
الله يطلق سراحك ياربي أخوي ويسرلك طريقك ياربي أمين في هادالعواشر,1
الله يطلق سراحه وفرج كربه يارب,1
"راك في القلب يا سعد بحال ولدي
الله يبعد عليك شر الخلق",1
رمضان كريم الله ربنا معك والله يطلق سراحك,1
شكرا يا سعدنا الرائع . الله يسعدك ويدخل عليك شهر رمضان بالصحة والعافية وبكل ما تتمنى انت وجميع احبابك. امين يارب العالمين. يارحمان يا رحيم .,1
رمضان كريم الله يطلق اسراحك,1
امين يارب العالمين. ان رمضان شهر الرحمة والغفران والبركات من الرحمان. الله يحفظنا وييسر امورنا جميعا.,1
وانت بالف خير يارب,1
اللهم امين يكون الفرج ستكون فرحة وسعادة لا توصف يا ولد بلادي وفناننا الدي ليس له مثيل,1
الله يفرج عليك ويطلق سراحك انشاء الله اولدي ربي يوقف معاك ويصبرك فرج الله قريب بحول الله,1
"الله يحفظك ويعاونك
إن شاء الله تكون بين عائلتك",1
كل سنة وانت طيب وبخير ورمضانك مبارك إن شاءالله,1
الله معك تفرج انشاء الله,1
سعد اخويا الله يفرج عليك غير اصبر راه كلها وكجاتو هاني انا دابا كالسة بوحدي فهاد شهر الغفران والله اليوم البوطة مشعلتها الناس كتفطر دابا يلاه ادنات المغرب وانا جالسة حاطة يدي على خدي ولكن مرتاحة حنت ربي هو الله وانا راضية وكنحمد الله على كلشي ....,1
ان شاء الله,1
رمضان مبارك اخي الله يفرج عليك ياربي,1
رمضان كريم الله يفرج كربتك من القلب الخالص,1
"صبرا جميلا و المؤمن مصاب و الله يجعلها مغفرة للذنوب
إن بعد العسر يسرا إن بعد العسر يسرا ....رمضان مبارك",1
ربي معاك وتستاهل كل خير,1
الله يطلق سراحو,1
الفرج قريب باذن الله وما صبرك الا بالله,1
رمضان كريم اصبر لحكم الله الله يفرج عليك,1
الله يفرج عليك,1
وأنت بالف خير الله يطلق سراحك أخي سعد,1
الله يفك اسرك ويفرجها على اهلك,1
ربي يطلق صراحك يارب,1
ان شاء الله يا رب,1
اللهم بحق هذه الايام المباركة ان تفك اسره امين,1
اه ياسعد وكأن الدنيا كلها اصبحت من الشرفاء واصبح كل واحد يصدر الاحكام ويحاسب ولكن رب العباد موجود ادعوك يارب ان يزيح هذه الغمه عنك ويطلق سراحك ويصلح حالك فاصبر واحتسب دعواتي ليك وقلبي معك والله اني اعتصر من داخلي متشوقه لاسمع خبر يريح صدري ياأخي,1
الله افك سراحك,1
الله يطلق سراحك,1
الله يطلق سراحك يارب العالمين,1
الله يطلق سراحك,1
الله يطلق سراحو,1
آلله إفرج عليك وعلى جميع المسلمين,1
الله يطلق سراحك,1
الله يفرج عليك,1
الله يفرجها عليه يا رب امين,1
رمضان مبارك سعيد وكل عام وانت بالف خير,1
وأنت طيب يا غالي الله اكرم,1
كريم رمضان كريم يا سعد يا سعد الله يوفقك ضيقتك,1
الله يفرج عنك,1
الله يفرجها في هدا الشهر الكريم,1
رمضان كريم الله افرجها عليك.يارب,1
الله يفرج عليك اولدي,1
الله يفرج عليك,1
الله يبارك فيك ويطلق سراحك,1
الله يفرج عليك,1
خليك متفائل وربي غادي يكون معاك,1
الله يفرج عليه,1
الله يطلق سراحك ياربي,1
رمضان كريم اللهم امين يا رب,1
ان شاءالله ستعود يا سعد لجمهورك ومحبيبك بالملايين ولعائلتك من كل قلبنا ندعو معاك ربي يفرجها عليك ويفرح قلبنا ببراءتك لاننا مؤمنون ببراءتك وبانك شخص ذو اخلاق عالية و بدون ادنى شكً كانت خطة محبكة للإطاحة برمز من رموز المغرب اللتي شرفته عالميا,1
الفرج انشاء الله ياربي,1
الله يطلق سراحك اخويا سعد,1
الله يفرج غليك,1
الله يفرج عنك انشاء الله,1
الله يفرج يارب رمضان كريم,1
الله يفرج عليك,1
الله يفرج عليك,1
انت ياما فرجتها علينا باغانيك المميزة وتمغربيت ديال من امك وابوك واكيد غادي يكون معاك الفرج أينما كنت,1
رمضان مبارك بي الفرج قريب ان شاءالله,1
الله يفرج عليه,1
الله افرجها عليك يا ربي,1
الله افرجها عليك,1
الله يفرج عليك وطلاق سراحك,1
الله اكرم,1
إن شاء الله,1
سعد الله يطلق سراحك ياربي قلبنا معاك يا اخي,1
الله افرجها عليك يا معلم,1
الله يطلق سراحك يا غالي انشاء الله,1
الله ايفرحك اعليك,1
الله معاه,1
الله يفرجها عليك يا رب العالمين,1
الله افرج عليه ضالم ولا مضلوم صراحة صعيييبة,1
رمضان كريم الله يفك أسرك ويفرج كربتك ويفرح بيك الوالدين والزوجة يأرب العالمين,1
رمضان كريم,1
رمضان كريم الله معاك والله يفرجها عليك,1
الله يفرج عليك ربي معاك,1
رمضان كريم اللهم فرج كربه,1
الله يفرج عليك ويطلق سراحك انت وكل مظلوم يارب,1
الله فرج عليك يا رب,1
رمضان مبارك,1
الله افرجها عليه يارب,1
نتمنا لك ان تكون بخير ورمضان كريم,1
رمضان مبارك الله يفك اسره يارب,1
سير الله يفرج عليك وتخرج من السحن مرفوع الراس,1
الله يفرجها اعليه في هد رمضان,1
٠الله يفتح ليك باب الخير راه قلبنا معاك الله يعوظكم خير,1
رمضان كريم .....تحياتي لغيثة,1
رمضان مبارك,1
رمضان مبارك كريم,1
الله يافرجها عليك,1
الله يفرجها عليك اخي الكريم,1
"الله يفرجها عليك خويا سعد المجرد وينصرك ربي علي الاعداء يا
راب العالمين",1
الله افرجها عليك,1
الله يفرجها عليك ان شاءالرحمان ورمضان مبارك سعيد,1
الله يفرج عليه وهاد الشهر الكريم,1
رمضان مبارك ربي افرجها من عندك وفك كربتك,1
رمضان كريم ربي يفرج كربك انشاءالله,1
رمضان مبارك,1
رمضان كريم,1
الله يفرجها عليك يارب رمضان مبارك سعيد وكل عام وانت بخير وصحة وسلامة يا رب,1
رمضان كريم علين وعليك,1
رمضان كريم,1
اللّـہ̣̥ اكرم ربنا يفرج كربتك,1
رمضان مبارك كريم يدخل عليك بالفرج انشاء الله يارب,1
الله يفك سراحك في القريب العاجل إن شاء الله,1
الله اكرم وربنا يفرج عليك,1
الله يفك سراحك يارب العالمين,1
ربنا يجعله خير عليك ياسعد,1
رمضان كريم بالفرج القريب,1
الله يفك اسره يارب العالمين,1
الله يفرجها عليه يارب ويطلق صراحو,1
الله يفرجا عليك,1
الله يفرج عليك يا رب,1
إنشاء الله تخرج فأقرب وقت الله يفرجها,1
"قلبنا معاك اخويا
الله يفرجها عليك",1
"ان شاء الله ، الله يطلق سراحه",1
رمضان مبارك سعيد والله يطلق سراحك,1
رمضان.مبارك.بالصحة.والسلامة.والله.يطلق.سراحك.يا.غالي.على.قلوبنا.ان.شاء.الله.باذن.الله.وحسبي.الله.ونعم.الوكيل.في.الضالمين..,1
الله يفرجها عليك,1
Lah ifraj 3alik,1
الله معاك وأحن معاك,1
آلله يطلق سراحك في هاد شهر مبارك يارب,1
الله يفرجها عليه و يردو ليكم على خير,1
الله معك ياسعد المجرد ندعولك بالفرج العاجل يارب العالمين,1
الله يفرجها عليك يا رب,1
Inchallah,1
Ramadan karim Allah isahal 3lik witla9 rabi srahak yarabi,1
Ramadan Moubarek Saïd ollah yetla9 srahek,1
اللهم أمين يارب,1
انشاء الله أفراح قريب امين يارب العالمين الله معك,1
رمضان كريم وكل عام وانتم بخير وصحه وعافيه يارب,1
La ' tahzane inna Allah ma3ak,1
اللهم ايفك اسرك ويخلصك,1
الله يفاجيها عليه,1
والله اشتقنالك يغالي الله يقف معاك,1
Inchaallah,1
اي حاجة في هذ دنيا فيها خير مكانش محسن في هذ دنيا هيا هذ جالسة تقراء القرآن الله طلق سرحك,1
اللهم آمين يارب العالمين,1
رمضان مبارك كريم وكل عام وانتم بخير الله يفك اسرك,1
ربي يفرج عليك ان شاء الله ورمضان كريم,1
رمضان كريم والله يفرجها عليك انشاء الله ياربي,1
الله يوقف معاك يارب العالمين,1
الله اهدي الجميع الشهرة له ثمن باهض,1
إنشاء الله يطلق سراحو كلنا معاك ياسعد,1
اخي انت انسان طيب و محبوب و هاد الموجة غادي دوز,1
الله يفرج عليك أن شاء الله,1
اثق بان الله يفتح لنا ابواب الفرج من حيث لا نعلم ..واثق بأن الفرج دائما في طريقك,1
رانا معاك خويا سعد ربي يفرج عليك وعلى كل مظلوم,1
"الله يفرجها عليك ويدير لك طريق في الضيق
ان شاء الله البراءة احنا عندنا الثقة الكاملة في ولدنا سعد الله ينصرك بنصره العظيم",1
"الله يطلق سراحك يا ولدي لعزيز، ويكن لك وليا ونصيرا، قلبي كيتحرق عليك، الله يصبرك ويصبر عاءلتك، ويردك ليهم ردا جميلا....طهور إنشاء الله....",1
إن مع العسر يسرى الفرج قريب إنشاء الله أحسنو الظن بالله والله على كل شيء قدير,1
الله معك الله يدير لك طريق في الضيق والله يفرج عليك ويفرج على جميع المسجونين,1
"الله معك، يمهل ولا يهمل، والفرج إن شاء الله",1
من نحن لنحكم على شخص لا نعرفه شخصيا ؟ إذا كان الله يغفر ويسامح فمن نحن لنقذف في أعراض البشر ؟؟ عسى أن تكون هاته المحنة سببا لتوبتك ورجوعك إلى الله و عسى ربي أن يغفر لك ويعينك على محنتك ويغفر لنا جميعا.,1
كل م يقوله الناس عنك فهو شك وكل م تعرفه عن نفسك فهو يقين فلا تضع شكهم موضع يقينك ....وثق بالله ونحن معك إن شاء الله,1
نحن نحبك اخي سعد كل الحب والاحترام ونتمنى من الله عز وجل يعجل بخروجك وينجيك من القوم الظالمين نحن نصدقك كل الصدق ونحن معك في الضراء قبل السراء,1
هذا ابتلاء من الله ان كنت بريء و هو عقاب لك ان كنت مذنب فان كنت بريء فالله يحبك و ارادك ان ترجع اليه و تستغفره و تتضرع اليه و تطلب منه الخلاص و الله نعم النصير و سوف تنصر باذن الله لكن استغفر الله و تضرع اليه كثيرا في هذه الأيام الحرم فالدعاء مستجاب,1
ربي معاك وحنا ندعو لك بالفرج القريب ان شاء الله,1
الله افرجها عليكم أن مع العسر يسرا,1
"نحن نثق في الله عز وجل بأنه سينصرك نصرا عزيزا لأننا نعرف معدنك وأصلك الطيب الخلوق ونعلم كنه المدرسة التي تربيت فيها ذاك الشبل من ذاك الأسد وأنت فرع ثابث لشجرة الذر المعطاءة نحن معك ونثق بك وسنساندك مهما كانت الظروف
أنت محترم وستظل كذلك",1
انا عندي احساس قوي ان الفرج قريب ان شاء الله. انت انسان خلوق وطيب وربي غادي يكون معاك . وينصرك ويعفو عنك. كلنا خطائون واحسن الخطاءين هم التوابون . والله سبحانه يعلم ما في القلوب وسوف يتجاوز عنك باذن الله,1
لا داعي لتأكيد مستمرين معك للآخر فرج الله أسرك بإذنه تعالى ونطلب من العلي القدير القوة والصبر للوالدين والزوجة,1
الله يفرجها عليك وفك كربتك فئنا مع العسري يسرا قلوبنا معك إبنها الغالي على قلوبنا,1
الله يطلق سراحك يارب,1
حنا معاك خوية سعد ومصدقينك الله معاك دعواتي لك بالإفراج عما قريب ان شاء الله,1
الله يفرج عليك وقل الحمد لله هذا ابتلاء من الله فكثر من الحمد قلوبنا معك ندعو لك في ظهر الغيب نحبك,1
"ربي منين كايسد باب كيفتح ابواب
وقل لن يصيبنا إلا ماكتب الله لنا
آلله يفرجها عليك ويفتح ليك بيبان الخير من حيت لايعلم.وحسبنا الله ونعم الوكيل في كل ظالم",1
الله يفرج عليك وعلى جميع المسلمين ان شاء الله,1
نحن معك قلبا وقالبا و ندعو لك ربي يطلق سراحك في القريب العاجل انشاء الله,1
"تفائل خير تجدوه ان شاء الله خير من ربي العالمين ، ستفرج بإذن الله تعالى ربك كبير حنا معاك اخويا هذا قالب elle bien étudié et bien
باغين يطيحوك مي والله الا قدرو ،اقولك عسى أن تكرهوا شيئا وهو خير لكم ربي يفرجها عليك من عند
انت سعد سعيد السعد كون سعيد… See more",1
عليك بدعاد سيدنا يونس عليه السلام وهو في بطن الحوت ( استغفرك ربي لا اله الا انت سبحانك اني كنت من الظالمين) ويستجيب لك الرحمن الرحيم بإذنه ستفرج عليك ويفرح قلب زوجتك بعوتك لها ولابنك القادم في الطريق بإذن الله تعالى وقدرته,1
السلام الله افرجها عليك ويطلق سراحك والله كل الناس موجوعين على الحكم والله قادر على كل شيءفثقتنا في الله كبيرة ولا يسعني الا الدعاء اللهم فرج كربك ويرفع عنك هدا البلاء يا رب العالمين,1
الله يفرجها عليك اولدي ان شاء الله ربي عنده كل خلي ايمانك قوي و الله يردك لاهلك و للناس الي تيحبوك عن قريب ان شاء الله,1
قلبنا معك من بعد الخالق الرازق العفو نطلب منه الفرج العاجل وان شاء الله ستفرج ستفرج يقيننا في الله,1
الله يطلق سراحك ويفرج عليك ان بعد العسر يسرا فرج الله قريب ان شاء الله,1
"الفرج قريب ان شاءالله
ان بعد العسر يسرا ان الله مع الصابرين",1
الله يعطك صبرى سيدنا أيوب عليه سلام الله يفرجها عليك ربي يطلق سراحك في قريب معك دعواتنا لك بالافراج,1
الله يفرجها عليك كلنا معك ودعواتنا لك في هاد الشهر المبارك بالفرج ان شاء الله اللهم امين يارب العالمين,1
"الله يفرجها عليك والله ياخد الحق في الظالم صلي وطلب الله ربي كبير وحنين قادر يخرجك من هاد المحنة فهدا ابتلاء من عند الله. ( قل ولن يصيبنا إلا ما كتب الله لنا ) صدق الله العظيم.
فهده هي الفرصة للاقتراب من الله عز وجل ولي بغاها الله هي لي تكون",1
نجاحك كان بسبب ايمانك وسقوطك سيجعلك اقوى للنهوض بدروس جديدة ونظرة اكبر. فلا احد منا يعلم اين الخير فيما كتبه الله لنا سيكون خيرا لك ان شاء الله فلا تحزن نعلم صدق مشاعرك واخلاقك العالية وحبك لوطنك وللعالم وكل ما وقع معك هو ثمن لنجاحك,1
يجب عليك يا أخي أن تدعو الله هو الوحيد القادر على إخراجك من هذه المحنة و دعائنا لك بالفرج القريب,1
الايمان بالقدر خيره وشره وعسى ان تحبوا شيئا وهو شر لكم وعسى ان تكرهوا شيئا وهو خير لكم كل أمر المؤمن خير تذكر سيدنا يوسف عليه السلام سجن ولكن الحكمة من ذلك يعلمها الله سبحانه وتعالى فوض أمرك لله والله معك,1
يارب فرج عنا كل ضيق ولا تحملنا مالانطيق الله يفرج عليك,1
لاحول ولاقوة الا بالله عدد ما ذكره الذاكرون وغفل عن ذكره الغافلون لاحول ولاقوة الا بالله العظيم عدد ما كان وعدد مايكون وعدد الحركات والسكون ولاحول ولاقوة الا بالله العلي العظيم صلاة تنحل بيها العقد وتنفك بيها الكرب سبحان الله الحمدلله ولااله إلا الل… See more,1
نحن نتق بك ونتق بأن الله مع الصادقين المظلومين فصبر جميل,1
الفرج قريب انشاءالله خوي سعد الله يطلق سراحك قلوبنا معك والله شاهد كندعيو معاك والله قدير على كل شيء,1
إن مع العسر يسرا إن مع العسر يسرا ...كلنا معك يا ابني الغالي سعد و مع والديك العزيزين و زوجتك الجميلة الطيبة غيثة..نسأل الله أن يفك ضيقك و يفرج كربتك أنت و كل المظلومين آمين آمين يا رب العالمين...,1
ربي ينصرك على من عاداك قل يارب وستفرج ان شاء الله ان مع العسر يسرا,1
اخي نحن نحبك وسنظل نحبك ....مهما توالت النواءب عليك انها الدنيا صعود وهبوط .و سنلتمس لك الف عذر لانك تبقى انسان والانسان قد يخطأ ..وخير الخطاءين الثوابين ...اطلب العفو من الله فراي الناس لن يزيدك الا احباطا ....ونصيحة ابتعد عن كل ما يدهب العقل ...ولا… See more,1
نحن معك ونحبك ولن نتوقف عن ذلك في كل الأحوال انت ابننا وولد بلادنا,1
قلوبنا معاك اخي سعد الله افرجها اعليك انشاء الله سياتي الفرج,1
يا من ترى ولا نراك نرجو منك يا الاهي ان تفرج على اخونا وحبيبنا سعد والله يا اخي جد متاترين من جهتك سبيلنا الوحيد وسندنا الوحيد هو دعواتنا لك في كل سجدة كلنا نخطا والله غفور رحيم وتقتنا بالله كبيرة الفرج الفرج تم الفرج قلوبنا كلنا معك,1
الصبر الصبر ولدي سعد ان مع العسر يسرا و الله كل يوم ادعو لك بالفرج كما ادعو لابني او اخي سحابة و تمر,1
تب الى الله من الاغاني والله ستفلح سخر صوتك في تلاوة القران,1
الإيمان بيك نتة رسول لا حول ولا قوة الا بالله,1
ان بعد العسر يسرا في هذه المحن هنا يجب أن يكون الإيمان قوي الدعاء ثم الدعاء,1
"الله يطلق سراحك ويفرجها عليك وينصرك على من عداك كنددعي معك أولدي كل نهار..سحابة او دوز بإذن الله
إن مع العسري يسرا.
Courage mon bonhomme..nous sommes tous avec toi de tout cœur..que Dieu le tout puissant t'assiste te bénisse et te préserve.",1
الله يفرج كربتك الله يفتح عليك كن قويا سينصرك الله إن شاءالله ان مع العسر يسرا دائما متألق,1
الله يفرج كربك و يطلق سراحك أيها الفنان الجميل ويصبر أهلك على تخطي هذه المحنة,1
اللهم عجل بسراحه يارب ان بعد العسر يسر الفرج قريب ان شاء الله,1
اللهم اجعل له من كل هم فرجا ومن كل ضيق مخرجا وارزقه من حيث لا يحتسب,1
"الفرج ان شاء الله ف ل
القريب العاجل",1
عسى أن تكون هده المحنة سبب في التوبة والرجوع إلى الطريق الصحيح وتكون سبب التوبة ان شاء الله,1
"دعاء الكرب:
اللهم إليك أشكو ضعف قوتي ، وقلة حيلتي ، وهواني على الناس ، أرحم الراحمين ، أنت أرحم الراحمين ، إلى من تكلني ، إلى عدو يتجهمني ، أو إلى قريب ملكته أمري ، إن لم تكن غضبان علي فلا أبالي ، غير أن عافيتك أوسع لي ، أعوذ بنور وجهك الذي أشرقت له ال… See more",1
اتق الله في نفسك وابتعد عن طريق الشيطان والغناء يفرج الله عليك من حيث لا تدري واتبع دين نبيك لا تاهت وراء هذه الدنيا الفانية واعلم بان الحساب عند الله عظيم.,1
عد الى الله و تمسك يدينك وإعتصم بإسلامك طريقك الى النجاة أما الطريق الشيطان لي غادي فيه مغاديش يوصلك الا للهلاك في الدنيا قبل الأخرة ولا يسعنا إلا ان نقول الله يهديك الطريق المستقيم,1
الإنسان السوي يحب الحق ويمؤمن به ويبقى الحق هو الأهم بالنسبة له وليس الأشخاص كما أخبرنا الله سبحانه بعد أعوذ بالله من الشيطان الرجيم (يا أيها الذين آمنوا كونوا قوامين بالقسط شهداء لله ولو على أنفسكم او الوالدين والأقربين )والخطاب هنا موجه للمؤمنين وليس… See more,1
إنشاء الله براءة احنا عندنا الثقة في ولدنا سعد الله ينصرك,1
معك اخي بقلوبنا والدعاء معندها جهد لك سوى الدعاء لك بالصبر والفرج القريب باذن الله,1
الله مع كل مظلوم وهو غفور رحيم.,1
لا حولة ولا قوة الا بالله العلي العظيم لا حولة ولا قوة الا بالله العلي العظيم لا حولة ولا قوة الا بالله العلي العظيم. يا كاشف الغم يا فارج الهم أفرجها يارب بقدرتك انك على كل شيء قدير,1
الله ينصرك والله يطلق سراحك وبين الحق ان شاء الله كما يقول المثل بعد كل ضيق فرج قريب انشاء الله,1
"الله يفرجها عليك. ان الله مع الصابرين. اصبر اخويا.
المومن مصاب. دابا يبان الحق",1
كلنا سعد المجرد الله يطلق سراحك عن قريب وهاد العواشر يارب,1
الله يفرج ويحل بيبان الخير..وحسبنا الله ونعم الوكيل في كل ظالم.,1
سعد : الانسان قبل كل شيئ . الله يتزل العفوا ان شاء الله,1
الله يفرجها عليك و يدير لك طريق الخير إن شاء الله تبان البراءة نشاء الله يارب العالمين عندنا الثقة كاملة في ولدنا سعد لمجرد الله ينصرك بنصره العظيم,1
الصبر لأن الفرج قريب ان شاء الله,1
قلوبنا معك الله اطلق سراحك عاجلا وليس اجلا وان شاء الله ترجع لساحة الفنية بكل تألق,1
الله يبين الحق . الله ينصرك ياربي على هاد العديان الضالمين . هدا امتحان كتمر بيه ربي ينصرك . حسبي الله ونعم الوكيل فيهم,1
وعسى أن تكرهوا شيئا وهو خير لكم أن شاء الله التوبة بعد ما حدث سعد لمجرد,1
"الصبر، آلله يفرجها عليك بالخير ويفك اسرك والله قادر على كل شيء",1
الله يفرجها على كل اللي ضاقت بيه نرجو من الله لك كل الخير يارب نصرك على كل من ظلمك,1
و اضيف انني كمغربية اعرف اصلك من تلك الشجرة الكريمة السيدة فاطمة الركراكي التي شرفتنا في مسيرتها الفنية و لم تخدش بتاتا بحياء العائلة المغربية باخلاقها النبيلة و كذالك اصلك من ذاك الاسد السيد البشير عبدو الانسان الخلوق الطيب و اطلب من الله ان يبشرهما … See more,1
ان بعد العسر يسرا بادن الله براءة,1
الله يفرج عليك ويكون معك في محنتك حتى تكون سالما ويبعد عنك كل سوء ومكروه ويحفظك من كيد الكائدين الله معك إبني سعد اللهم آمين يآرب العالمين يآرب يآرب يآرب,1
الله يعجل بالفرج القريب ان شاء الله ان مع العسر يسرا,1
و عسى أن تكرهوا شيئا وهو خير لكم..الله يفرجها على فنانا المحبوب. لن يتأثر حبنا لك بأي شيء. انت ستضل النامبر وان.,1
الله يفرجها عليك و ينصفك و الله يشد الحق في كل الضالمين المنافقين يا رب العالمين,1
ان بعد العسر يسرا. حسبي الله ونعم الوكيل في كل ظالم.,1
"ان الله معك ، وكن واثق بأن قلوب المغاربة كلهم معك ، سوف يفرج عنك انشاءالله ،انت مرضي الوالدين.",1
هدا ابتلاء من الله يا ولدي فأكثر من الاستغفار أن مع العسر يسرا ربنا يفرج غمك بادن الله,1
سعد ارفع عيناك إلى السماء وقول الخير في ما اختاره الله لا تحزن الصبر ان الله مع الصابرين,1
كن واثقا بالله فهو القادر على كل شيء واصبر فان الفرج لا قريب والله معك وينصر على الاعداء,1
أرجو الله تعالى أن يفك أسرك يارب العالمين وكل مظلوم إنك قادر على كل شيء,1
ربي معاك وحنا ندعو لك با الفرج عن قريب باذان الله,1
اللهم يفرج همك نتمناو هاذ الشيء للي وقع لك يكون سبب في توبتك,1
"الله يفرج همك ويطلق سراحك اولدي ،ربي كيعطينا رسائل من السماء على شكل ابتلائات لكي يرجعنا اليه ،واخلاقك العالية وقلبك الطيب ،كفيل ليكون سببا في حب الله لك وتفهم الرسالة جيدا ،والابتلائات
الصعبة تعطى لمن يقدر عليها ،وانشاء الله ستمر كما مرت على سيدنا ي… See more",1
"{وَالصَّابِرِينَ فِي الْبَأْسَاءِ وَالضَّرَّاءِ وَحِينَ الْبَأْسِ ۗ أُولَئِكَ الَّذِينَ صَدَقُوا ۖ وَأُولَئِكَ هُمُ الْمُتَّقُونَ} (البقرة 177)
نصيحة لوجه الله لا تضع حجابا بينك وبين الله، صلي وتضرع إليه واستغفره فإنه سبحانه وتعالى يجيب دعوة الداعي إذا دعاه
.",1
اللهم فارج الهم وكاشف الغم مجيبة دعوة المضطرين رمانة الدنيا والآخرة ورحيمهما أنت ترحمنا اللهم ارحمنا برحمة تغنينا بها عن رحمة من سواك الله يطلق سراحك محنة وتزول بإذن الله تعالى,1
اكيد ابني سعد لمجرد انت بريء بريء بريء ادعوا لك بالفرج العاجل قلبي معك لا أجد الكلمات لمواساتك فهمك هو همي ربي معاك اولدي ربي يفك كل مسجون ويفتح له أبواب الخير والسعادة والأمل بالله العلي العظيم فإن مع العسر يسرى,1
أنا راني من أول يوم و أنا أناشد ربي سبحانه وتعالى. اللهم يا الله هذا ابننا سعد بين يديك و تحت رحمتك انصر دينه أمام الأعداء يا رب أخرجه من حلق الضيق إلى أوسع طريق بك يدفع ما لا يطيق يا من أمره بين الكاف و النون اجعل حريته و براءته أمرا تقول له كن فيكون.… See more,1
لا اله الا الله محمد رسول الله ..ان مع العسر يسر ..ان مع العسر يسر,1
الصبر والله معاك ورضات الوالدين توقف معاك يارب مرضي الوالدين والمؤدب واللطيف ضرووووري من الابتلاء .والحمد لله غدي طيح وتنود نشاء الله .قل مايصيبنا إلا ما كتب الله لنا. عسى أن تكرهو شيء وهو خير لكم وعسى أن تحبو شيء وهو شر لكم,1
"أكثروا من لا حول ولا قوة الا بالله العلي العظيم، ويكون الفرج قريب بإذن المولى عز وجل.",1
اعلم ياخي سعد بأن الدنيا كلها بلاوي والفرج اتي ان شاء الله وهو على كل شيء قدير,1
"کل الحب والاحترام لکک ونتمنی من الله عز و جل يجعل خروجک
خلي ايمانک قوي بي الله کلنا معک عندي إحساس قوي ان الفرج قريب ان شاء الله حنا معاک سعد ومصدقينک الله معاک دعواتي ليک ولد بلادي⁦
⁩⁦
⁩",1
دعواتنا الخالصة معك ومع والديك وان يأتي الفرج قريبا ان شاء الله,1
اللهم فرجك عاجلا يارب لان لنا ثقة كبيرة في الله ينجينا,1
إن كان الهم عليك ثقيل نادي يا الله وأحسست بضيق كبير نادي ياالله .,1
"الإيمان بالله والصدق الا برسول الله انت فقط بشر يجب عليك التوبة عند قضاءك مدة السجن التي حكمت به لان اتجاهك و الطريق الذي أنت في يحصد الذنوب فقط ،لا تثق لمن يصفق لك",1
عسى أن تكرهوا شئ وهو خير لكم ان مع العسر يسرا بادن الله تعالى الفرج قريب,1
سعد مغربي ونحن المغاربة لا نترك ابنائنا في الشدة ولكن اظن انه يجب محاسبته لانه لم يدرك اننا لا نرضى بالفضائح.انتهى الكلام,1
نحبك رغم كل شيء الله معك وكلنا معك,1
الله يفرجها عليك ان بعد العسر يسرا ان شاء الله براءة,1
ربما تعرضت لابتلاء الله يفرجها عليك عليك بالصبر واليقين في الله سبحانه وتعالى لكل ضيق مخرجا,1
ربي يسهل الامور عليك يا سعد المجرد ربي يفرج ان شاء الله,1
نحن نؤمن بك و نصدقك و معك في محنتك,1
الله يطلق سراحك ويفرج همك اولدي ويرجعك لاهلك ولنا ولبلادك انشاء الله وحسبنا الله ونعم الوكيل,1
"احنا معاك من القلب، ونطلبو من ربي يطلق سراحك قريبا ان شاء الله",1
الله يفك اسر سعد لمجرد ويهديه هي اخطاء الشهرة والغرور بالنجاح والزيغ عن ملة الحبيب المصطفى ألقت بسعد في متاهات منها هاته التي يعلم الله فيها من الظالم ومن المظلوم المهم انه وقع في فخ نزواته ولم يحسب حسابا لشيء .اللهم فك ضيقه واغفر له انت الغفور الرحيم … See more,1
ان شاء الله براءة,1
اللهم فرجك القريب ان شاء الله مع الصابرين,1
الله يفرج اعليك ويعينك ويقويك انت والعائلة يارب العالمين,1
"ان شاء الله براءة
كلنا معاك اخي الله يفرجها عليك او يغلبك على القوم الكافرين
مغربية و أفتخر",1
الله يطلق سراحك ويفرج عنك يااااارب ان شاء الله,1
كلنا سعد ان الله مع الصابرين,1
الله يفرج عليك اخويا سعد وعلى جميع المسلمين ان بعد العسر يسرا ما دام يقينك في الله كبير فلا تحزن ولا تخف,1
الله يفرج همك وان الله مع الصابرين وديما سعد والله يطلق سراحك قريبًا ان الله وعليك بقراءة سورة يوسف وستفرج بإذن لله,1
ونعم بالله الفرج قريب ان شاء الله,1
"لا الاه الا أنت سبحانك إنى كنت من الظالمين ،كررها كل يوم وان شاء الله ربي يفرجها اعليك اخي سعد قلوبنا معك
،قدر آلله وماشاء فعل",1
ربي معاك ربي يفرج عليك ان شاء الله,1
النصر سيكون حليفك ان شاء القدر الرحيم المهم ان تكون صابرا وتتشبت باالاءيمان القوي والسعاعدة الروحية والله المستعان,1
الله يفرج عليك ويعطيك الصبر محنة وتمر ان شاء الله,1
ربي معاك وحنا ندعو لك با الفرج عن قريب باذان الله,1
نتمنى لسعد الفرج وان يطلق الله سراحه في اقرب الاجال ان شاء الله رب العالمين .,1
إنا الله لا يضيع أجر من أحسن عملا وإنا الله مع الصابرين الذين إذا إصابتهم مصيبة قالوا إنا لله وإنا إليه راجعون,1
الله يكون لك سندا و رفيقا في هذه المحنة وينصرك على من ضلموك يا رب. كل من يحبك يشد على يدك ويدعو لك بالفرج,1
آلله معاك ويرزقك الصبر والفرج قريب أن شاء الله خلي إيمانك قوي بالله العلي العظيم حسبنا الله ونعم الوكيل,1
الله يطلق سراحك ويفرجها عليك والله سينصر الحق وينصر كل ظالم وإنشاء الله الفرج قريب,1
"الله يفرجها عليك يارب، ويفك اسرك
كلنا معك ودعواتنا لك في هدا الشهر العظيم عند الله بالفرج",1
لا يعلم الغيب إلا الله وحنا بشر بحالنا بحالك ماشي معصومين من الخطأ لا كنت بريء ربي يفرج عليك ولا العكس من الأحسن تقضي عقوبتك فالحياة ديال الآخرة منبغيوها لحتى مسلم الله يهدي الجميع استغفروا ان الله غفور رحيم,1
الله يفرجها عليك وينصرك ويفرجها على كل المظلومين,1
حنا لمغاربة كنموتو عليك الله يطلق سراحك ياسعد والله يصبر ميمتك إنشاء لله ربي كبير وخيرو كتير,1
فرج لقريب إن شاءالله تعالى ولد بلادنا,1
الله افرجها عليه يارب في هدا الشهر الكريم شهر شعبان يارب,1
"لا ارجو الشر والأذى لأي مؤمن شأنهفي ذلك كشأن باقي الخلق . لكن ما لاحظته في فيديواته الاخيرة أنه حاد عن الطريق ( الفن الراقي و المحترم كما عهدنا ابويه من قبل ) وأخلاقه لم تعد مشرفة ( حالات سكر علني و لباس غريب وطريقة كلام تثير الشكوك ) , شخصيا لا يشرفن… See more",1
الله يطلق سراحك خويا سعد ربي سبحانه و تعالى قادر على كل شيء فقط تحلى بالصبر والايمان.كلنا معاك وكلناسعد,1
ان الله مع الصابيرين وان لمع العسر يسرا. نحن معك والله معك فلا تخف سيفرج الله عنك ويفتح الأبواب لك انشاء الله.,1
الله يفرج همك وييسر أمرك ويطلق سراحك. الله يجعل لك طريق في الضيق,1
ان الله يحب الصادقين لا تقنط الفرج قريب ان شاء الله,1
"شوف اخويا سعد كل بني ادم خطاء وخير الخطائين التوابون نحن نحب ما تقدمه لنا من فن نفتخر به وسنضل حياتك الشخصية لا تهمنا ما يهمنا انك وضعت الأغنية المغربية في العالمية، وننتضر منك المزيد بعد هده الكبوة،نتق فيك وننتضر جديدك انشاء لله",1
الله يفرجها عليك ويسر امرك ويفك كربك الله موجود لايتركك وفرج الله قريب ان شاء الله,1
كل الدعم لك لن تنال فرنسا وأزلامها من شبابنا. بدر هاري سابقا سعد البارح واليوم حكيمي.,1
ان مع العسر يسرا . اللهم لا سهل الى ما جعلته سهل و انت تجعل الحزن ان شئت سهلا. الله يطلق سراحك.,1
"والله يخوي أل امصدقتك حتتته لين تبرد لخلاگ
وهي الا يعطيه فظمه مكشح عنه لباسه ومبرجه
الله يكون فعونك",1
الله كبير...يفرج على كل من هو مظلوم...,1
الله معاك و الله يفرج عليك و مع العسر يسر,1
الله يفرج عليك ويطلق سراحك ان شاء الله قلوب المغاربة كلها معك وتدعو لك,1
ربي يفجيها عليك ان شاء الله يارب,1
بعد أعود بالله من شيطاني الرجيم إنا معا العسر يسرا وإنا معا العسر يسرا صدق الله العظيم,1
الايمان بالله وكتبه ورسوليه واليوم الاخر ولله يفرجها على كل مضلوم,1
كلنا معك رغم كل شىء فانت موهوب وفنان راءع,1
احنا معاك بالدعاء الله يفرج عليك وعلى جميع المسجين الصبر ان شاء الله وتبان الحقيقة والفرح.المغاربة كلهم وجميع تلمسلمين كيدعوا معاك,1
اللهم ازح همه وكن له عونا ونصيرا في محنته وازل عنه كيد الكائدين وظلم الحاسدين واجعل رضاة والديه سترا عليه يارب العالمين,1
اسال العضيم رب العرش العظيم ان يفك سجنك ويصبر ابويك وزوجتك على هذه المحنة التي هيا امتحان انت انسان قبل ان تكون فنان والانسان معرض لامتحان ولابتلاء فصبر مفتاح الفرج هنا يحضرني مثل شعبي بالغة العامية ---هادي طيحة ونوضة ماشي مشية للروضة --- سعد لمجرد غاد… See more,1
الله يطلق صراحك يارب العالمين,1
"ماذا سنصدق ان انت صدقت نفسك انك دخلت ملهى وشربت الخمر وتعاطيت الكوكايين وذهبت رفقتها الى شقتك هذا يكفي ومادار داخل الشقة فهو نتيجة ما سبق ،ديننا الاسلامي حذرنا من الشبهات ونبهنا الى تجنب اشياء تكون نتائجها وخيمة،وفي حالة الالتزام تكون المسؤولية على الف… See more",1
رب امعاك الله يفرج عليك ويدير لك طريق في الضيق ويطلق سراحك ولديك اعزاز علينا كنحبوهم من قلوبنا الله يفرجا علبهم,1
"ان بعد العسر يسرا ،انشاء الله تفرج أعداء النجاح كثير و الغيرة دير كتر من هاد الشيء",1
دايما ندعو إلى الله يطلق سراحك في القريب العاجل انشاء الله,1
راحنا خويا ربي ينصرك على القوم الظالمين انشاء الله براءة,1
نسأل الله الفرج القريب وإنشاء الله تبان البراءة ديالك ويجمعك مع عائلتك من جديد يا ربي,1
الايمان لا يكون الا لله سبحانه وتعالى وليس للبشر نسأل الله لك الهداية والتوبة,1
ما شاء الله مواهب جميلة و نموذج للشباب الواعي و المثقف أسأل الله أن يحفظكم جميعا في ثلاجة الموتى مع انقطاع الكهرباء,1
الله يفرجها عليك عما قريب ان شاء الله,1
من بعد العسر يسرا بادن الله الفرج القريب,1
الله احفظك وطلق سرحها بأذن الله ان شاء الله,1
ان بعد العسر يسرا الفرج قريب انشاء الله,1
ستفرج باذن الله تعالى يا إبن وطني الحبيب و الغالي علينا جميعا... اللهم احفظ ملكنا و بلدنا و ابناؤه من كل شر امين يارب العالمين,1
الله يفرجها عليك وعلى كل واحد عندو شي محنة,1
قلوبنا معك واعلم ان الله لن يتخلى عنك تحلى بالصبر كما كنت دائمآ الله اطلق سراحك آميين,1
لاحول ولا قوة الا بالله العظيم,1
"الله يطلق سراحك ويرجع الفرحة لواليديك ، انه على ما يشاء قدير",1
اللهم اجعل له من كل ضيق مخرجا,1
ان الله مع الصابرين والحامدين بكل ماكتبته علينآ الله يطلق سراحه يارب,1
ربنا يفك كربك ويزيل همومك يارب ويجمعك مع عائلتك يارب,1
الله كبير ان شاء الله ربي يفرج و يفتح لك ابواب الخير,1
الله يفرجها عليك وعلينا وعلى جميع المسلمين ان الله مع الصابرين,1
اتمنى من الله ان يفك كربك وان تكون صبورا مؤمنا بحكم الله وقدره وامتحانه اقل ما تستحق منا الدعم و المواساة,1
"نحبك ابني
دعواتي لك بالصبر والفرج
الله لا ينسى الاولاد المرضيين",1
ربنا يفك كربك قادر على كل شيء,1
غدي تخرج بأن الله سالم وغالب أن الله على كل شيء قدير,1
الله يفرجها عليك ان إنشاء الله وربي معاك وحنا ندعولك يفرج عليك وعلى جميع المسلمين,1
السلام عليكم ورحمة الله تعالى وبركاته هذا درس قاسي لان الله يمهل ولا يهمل....الله يفرج عليك,1
اشلون يعني الايمان بيك استغفرالله الايمان بالله فقط وحدة لاشريك له والله يفرج عنك ان شاءالله,1
مالك دابا اش وقع ليك هانت فالحبس واكل شارب ناعس مدوش نتلاقاو في 2029الي بقا لعمر,1
الله معك وحسبي الله ونعم الوكيل على كل من ظلمك والله يمهل ولا يهمل .,1
ان شاء الله سيأتي الفرج و ترجع لوالديك و لزوجتك سالما غانما,1
الإيمان بالله وبقدرته تعاقب على أفعالك,1
نحن مع الحق الله يفرج على كل مضلوم,1
مرضي الوالدين دايما ربي معاه الله فرجها عليك وغادي تبان الحقيقة في القريب انشاء الله,1
ربي هعاك اولدي ان شاء الفرج قريب ولا تقنتوا من رحمة الله ان رحمة الله واسعة لوح لحمل ديالك على الله او ربي يكون معاك ان شاء الله,1
ستفرج ان شاء الله لا تياس من رحمة الله,1
وتقاو الله شويا راكم عيقتو الإيمان بالله العلي العظيم سبحان الله العظيم,1
الله يطلق سراحك ويرجعك لاهلك سالما ان شاء الله,1
ضريبة الشهرة صعبة جدا يارب يكون العفو من نصيبك من عند الله وينصرك على ما كانت له يد في هذه المؤامرة وانتبه واستغفر الله.,1
"الله يفرج عليك و يطلق سراحك.
دعواتنا معك",1
الله يفرجها عليك وعلى كل هو مسلم,1
ان بعد العسر يسر واصبر ان الله مع الصابرين,1
الإيمان بالله والملائكة والكتب والرسل فقط,1
"قالَ رسول الله صلى الله عليه وسلم: ( يَا غُلَامُ إِنِّي أُعَلِّمُكَ كَلِمَاتٍ ، احْفَظِ اللَّهَ يَحْفَظْكَ ، احْفَظِ اللَّهَ تَجِدْهُ تُجَاهَكَ ، إِذَا سَأَلْتَ فَاسْأَلِ اللَّهَ ، وَإِذَا اسْتَعَنْتَ فَاسْتَعِنْ بِاللَّهِ ، وَاعْلَمْ أَنَّ الأُمَّةَ ل… See more",1
الله يطلق سرحك ياربي كلشي كيغلط مشي غير انت الله يشف فيك ياربي,1
مرحبا بكم في صفحتي ابوني ونرجعلك الله إجزكوم بالخير,1
البراءة ان شاء الله,1
"اللهم أنت ربي نرجوا ان تفرج على اخونا سعد وتفك كربته ولا حول ولاقوة الابالله العلي العظيم
لا حول ولا قوة إلا بالله العلي العظيم
لاحول ولا قوة إلا بالله العلي العظيم … See more",1
الإيمان بالله عز وجل وعسى ان تكرهو شيء وهو خير لكم تذكر سورة يوسف عليه السلام,1
الله معك وسينصرك الله عليهم وتخرج من سجنك الله يفتح لك أبواب الخير ورضات وليديك معك امدام معك رضاهم ستخرج منها قريبا انشاء الله فاصبر وثق بان الله معك,1
الله يفرجها عليك وعلى الجميع يا رب العالمين وانشاء الله البراءة,1
الله يفرجها عليك ويفك ضيقتك. وعلى زوجتك مسكينة ووالديك,1
اتق الله في نفسك واتوب اليه وابعد عن المحرمات واشتغل على الحلال تم يبدأ الفرج من الله,1
اللهم فرج عليه إنه خلوق او ولد عائلة محترمة اللهم كون له وليا اونصيرا في الدنيا والاخرة هو محبوب الى المغاربة نفتخر به أمه فنانة راقية نزهة ركراكي نكن لها الاحترام والتقدير أبوه بشير عبدو نكن لها الاحترام والتقدير مهم ربي يفرج عليك اخي سعد,1
هذا لعله ابتلاء من الله لك لكي تعود اليه و تراجع اوراقك ... فتلك الطريق التي تمشي فيها لا تبشر بخير فكن حذرا ....,1
الفرج قريب ان شاء الله. بعد عسر يسرا,1
معاك داءما ربي يطلق سراحك ربي يفرجها عليك في القريب العاجل الفنان الخلوق سعد المجرد ربي يفك اسرك وترجع لوالديك ولزوجتك واسرتك ومحبيك لانك مفخرة لكل المغاربة اللهم امين يارب العالمين,1
هذا لعله ابتلاء من الله لك لكي تعود اليه و تراجع اوراقك ... فتلك الطريق التي تمشي فيها لا تبشر بخير فكن حذرا ....,1
الفن لا يدخل الجنة,-1
Imchi fin ytreba,-1
Pour 15 an le minimum,-1
Y mchi i khra! 3aye9to!,-1
"Ila kan dayer 3lach , lah yakhed fih l7e9",-1
Je comprend pas ana les gens qui soutiennent un VIOLEUR,-1
Violeur !!!!! Il n a que ce qu il mérite …..‘ argent de papa et maman ´ ont pas pu te sauver. Il faut payer maintenant et être responsable de tes actes,-1
Non mais je rêve. Ce n est pas la première fois que ce type agresse des femmes. Et dounia batma n est vraiment pas une référence,-1
هاشتاغ لا معنى له لي دار الذنب يستاهل العقوبة,-1
جميعا من اجل رفع العقوبة ل 12 سنة,-1
مفهمتش الناس لي كيدافعوا و كيقولوا فخ واش كنتو معاه كتعلموا الغيب ربما دار خطأ و ندم عليه انما تقولوا بريئ فراه بزااف على هاد التقديس لفنان بشر كباقي البشر ممكن يكون مزيان و العكس صحيح,-1
"كون كان دارها ولد الشعب كون شبعو فيه سبان و خاصو الاعدام و كدا
وا راه نفس البلان العقوبات خاصهوم يطبقو و مايدعموش على هادشي كتحرضو على الفساد
نتوما كفار غا مع بعضكم بلا مايدخل الغاشي",-1
نتمنى أن يلجأ إلى محكمة الإستئناف و يتغير الحكم من السجن إلى الإعدام,-1
مريض نفسي ما الو مبرر ابدا,-1
hmar,-1
hchuma 3lih,-1
hadchi makaydarch klb,-1
khasso yt3a9eb,-1
لعفوو واحق الرب و الله الى لا اله الا الله فهاد الوقت هههههه,-1
Hada kolchi kaybanlo blan hhhh,-1
Ma3andak damer sir ttsalah m3a molak,-1
3ada 3ada 3la lf9ih,-1
hada maysswach,-1
khaaso l7ebs,-1
Hayawan khaso yt3a9eb,-1
3ye9 daba mcha fiha,-1
moghtassib kaybqa moghtassib,-1
حسبي الله ونعم الوكيل,-1
المعيشة غلاث او درويش كيبكي من الفقر,-1
khasso ythasseb,-1
hadchi machi ma3qoul ,-1
b9at fia dik lbent,-1
ما نفع أن تكون ملياردير بدون دين الله,-1
Li dar yekhlisse,-1
li darha bydih yfekha bsenih,-1
cha3b yourid mo3a9abt hada lmoghtassib,-1
hada hmar,-1
moghtassib hagar,-1
anani jabar,-1
hada khasso l7ebs,-1
aydirolk fl7ebs madrti lbent,-1
nari achdar,-1
20 ans dial l7ebs awlidi wlh mayheydhalk tbib,-1
li dar denb ystahel l3qoba,-1
جميعا من اجل رفع العقوبة ل 20 سنة,-1
المعيشة غلاث او درويش كيبكي من الفقر,-1
Ghadi itlak lah sraho mais itbat chwia hta howa.,-1
lah yhassbo kola wahd,-1
"الله انصر الحق على الباطل ،",-1
 معنديش معاه ,-1
تبين من خلال أعمالك المشينة أنك ماشي مربي والديك مربواكش مزيان دبا الفرانسيس غيعودلك بالتربية. لدار الذنب يستاهل العقوبة.,-1
كيفما كان الحال تيبقا ولد لبلاد واخا يكون ظالم,-1
اتمنى ما وقع لك يكون سببا في ثوبتك وترجع الى الله لانك في طريق ليس بطريق المؤمنين والصادقين كما تدعي,-1
هذا لعله ابتلاء من الله لك لكي تعود اليه و تراجع اوراقك ... فتلك الطريق التي تمشي فيها لا تبشر بخير فكن حذرا ....,-1
 الله يغبر ليك الشقف,-1
يعلا الحق ولا يعلا عليه ,-1
عادي كل واحد يتحمل نتيجة اعماله و تصرفاته,-1
الابتلاء ,-1
khass ay wahd modnib yt3a9eb,-1
"سبحان الله تتحدثون كما لو انه مناظل ومؤتر سياسي كان يدافع عن حقوق شعب،،وصلت بيكم صفاقة والعزة بي الإثم ان تجعلو من الباطل حق ومن الحق باطل ،،أين هم من زفزافي الذي اعتقل ظلما وبهتانا",-1
"نحن نؤمن بالله وحده لا شريك له ولا نؤمن بأحد
وليس كل مرة تشارك حياتك الشخصية معنا فالكل له حياته الشخصية وله مشاكله وهمومه
فهذا لا يخصنا (ي)",-1
حمد لله الإيمان لله وربي يثبتنا على الإيمان بقضايا أنفع الأمة الإسلامية قضاياك يكفيها انك نت مأمن بها,-1
ان لم تكن بريء الله لا يردك,-1
لا حول ولا قوة الا بالله تعرفو ربي غير ليلة الرعد,-1
هل المطلوب هو التضامن مع حامل الجنسية و صرف النظر عن الفعل ؟؟ خطأ سعد المجرد ليس فقط انه واقعها بدون رضاها بل انه سمح لنفسه بالوقوع في الافعال التي تدينه .سكرثم خلوة ثم مباشرة الفعل .التي تدعي انها ضحية لعبتها صح .اوصلته للبئر ثم ادعت العفاف و الطهر. و… See more,-1
"نحن لانصدق من يغني ويمثل ، نصدق من كان صادقا مع خالقه أولا، اما من يبحث عن عطف الناس في وقت الشدة فهذا احتيال في نظري ولكل واحد رأيه.",-1
لاحول ولا قوة الا بالله العلي العظيم,-1
انا لا اصدقك ,-1
"و يردون يجيبونه للعراق
ولكم غير يدهرنه دهيره",-1
شدخلنا,-1
هو هذا الي كامو العراقين يسبون بهل العمائم لان رفضو حضوره للعراق ؟,-1
راح يحاكموه يوم 1 آذار بعيد المعلم,-1
"شعب شغلته بس فضايح وسوالف تعبانه ، اغلب الصفحات تنشر نفس الخبر حتى تصير شهرة للطرفين
، ويگولون ليش هاي الزلازل والهزات الارضية وغضب رب العالمين",-1
hmar kelb,-1
Hayawan khaso yt3a9eb,-1
tfu,-1
l9erd,-1
zaml,-1
klbb,-1
mamrbich,-1
9wad,-1
zaml,-1
zebl,-1
fin trbiti ya lklb,-1
hmar,-1
mskhut,-1
kidar,-1
moughtasib,-1
matswach,-1
ya l7a9ir,-1
dalim,-1
mnin jabuk ya slgot,-1
selgot,-1
zaaaaml,-1
tfu ela mk,-1
ya lhmar,-1
tfuu,-1
bsbabk wlina haka,-1
klb hmar mamrbich,-1
zaml,-1
fukk uu,-1
moughtasib hgar,-1
heggar ela lbnat,-1
malk haka alklb,-1
tfuu ela ,-1
yalkidar,-1
kidar ki dayer,-1
bghel ohmar,-1
francazi nta machi mna,-1
layakhd fik l79,-1
shit,-1
yalkln,-1
yalklb,-1
tfu elik,-1
zamlll,-1
mk,-1
ya lklb ya lhmarrr,-1
fin mrebi,-1
mnin jabty had trbya,-1
yekh,-1
y3ou9,-1
wa lhmaar,-1
waa tfu ela tasila,-1
yekh mnk,-1
yekh tfo,-1
matswach,-1
kathger,-1
elach drty haka,-1
nta mamdlumch,-1
ya lklyb l francawi,-1
ya skayri,-1
chemkar,-1
hmar w klb,-1
chmata nta w matswach,-1
tfu elik,-1
ya l9rd,-1
kidar,-1
elach nta hgar w mamrbich,-1
kidar,-1
mal mk ,-1
and3ik,-1
and3i mk alklb,-1
tstahl l7ebs,-1
tstahel,-1
layakhd fik l79,-1
putain,-1
moghtasiib hggar,-1
ghtisab jarima o khasso yt3a9b 3liha,-1
lightsab kay3a9b 3lih l9anon hwa lli dar 3lach,-1
howa lli dar 3lach,-1
kon makanch mchhor makanch ayb9a fokom,-1
kat7no fih 7it mchhor wsafi ,-1
7it mchhor makay3nich rah malak ,-1
kolchi kayghlt o lliGhlet aykhles,-1
6 snin 9lila f 79 hadchi lli dar,-1
ghzza fih lah ,-1
rbi makaydlm ta 7ed o hwa dar 3lach,-1
lightisab jarima kay3a9b 3liha l9anon o l9anon makaydlm 7ed,-1
hwa lli dar 3lach khllih,-1
ghi aji w ghtasb hwa lga db,-1
kays7ablih lli bghaha hya lli atkon,-1
khlih mzyana fih ,-1
yarbi yzidolih hhhh,-1
hhhhh khlli mmo ,-1
mzyana fmmo hhhhhh,-1
ystahl makter ,-1
7wya aykhls 3liha mn 3mro hhhhhh,-1
3bro 3lih makrhtch izidolih,-1
moghtasib  b7al hada lli kays7ablih chohra atfko khas idwz 7yato kamla f l7bs,-1
kays7ablih lflous aydirolih kolchi ,-1
gol lchohra o lflous tfkki db yalah ,-1
"llia dar 3""lach istahel l39oba",-1
f blad l7e9 tta 7ed makaytdlm,-1
gol lchohra o lflous tfkki db yalah ,-1
kon kant khrk hadi wla bntk kan ay3jbk l7al ?,-1
kon ghtasb lik khtek kan ay3jbk l7al ,-1
kon kant bnt chknti addir  atdamn m3ah dik sa3a aaa?,-1
b9aw diro rakom blast lkhrin kon knti blast lbnt lli tghtasbat kan ay3jbk l7al?,-1
kon kant khtk hadi wla bntk kan ay3jbk l7al ?,-1
kon kant bnt chghadir ?,-1
kon knti nta lli drblik khtk knti ad3ilih b lfaraje?,-1
kon 7awl ightasb lik khtk o drbha knti atd3i m3ah?,-1
lgaaaa,-1
mzyaaaan fih,-1
khliih hhhh,-1
makrhnach lih kter hhhhhh,-1
khllih itrebba hhhh,-1
khlih bach it3lm,-1
kon gha zadolih chi 6 khra hhh,-1
aghla 7wya f l3alam hhhhh,-1
bach itreba khas idkhol l7bs ,-1
l7ebs lli ghayrbih ,-1
wa ystahl,-1
ghza fih lah ,-1
bach it3lm,-1
bach it3lm ightasb lbnt o ydrbha,-1
kays7abo siba f lblad,-1
kays7abo lli jat ightasbha w madwich ,-1
hahwa tb3 chhwto tta khrj 3la raso,-1
chti dsara fin katwsl ,-1
t9olb hhhhh,-1
yddo fih ,-1
khlih ,-1
t9olb hhhhhhhh,-1
bach it3lm dsara fi katwsl,-1
chti lli kayghroh lflos o chohra fin kaywlli,-1
ha lli katghro dnya w wskhha fin kaywsl,-1
mzyana f mmoo,-1
lli ghrato dnya aykhls mn 3mro,-1
mdlom wla mamdlomch ystahl l7bs ,-1
khllih itrebba hhhh,-1
waaa ystaahl,-1
mzyana f mo hhhhh,-1
kon izido chi 7am mayb9ach fya hhhh,-1
khli mmo,-1
lahoma zidho,-1
yslahl 20 3am,-1
lmoghtasib ystahl ktr,-1
kon kant bnti n7km 3lih tta bl2i3dam,-1
kon kant khti ndb7mmo,-1
ndb7 mmo ana ,-1
ystahl l2i3dam ,-1
tfntiz fin kaywsel,-1
20 3am 9lil 3la chno dar,-1
aykhls mn 3mro bach it3lm,-1
khli waldih lklb ,-1
7mar moghtasib ,-1
ay wa7ed i7et idih 3la bnt ystahl l7bs w l2i3dam ,-1
lli drb chi bnt ysthl makter,-1
lli 3ennef chi bnt ystahl makter,-1
lli 3nnef chi bnt 203am 9lila f 39o,-1
mayb9afya wakha y3dmoh,-1
khllih itrebba hhhh,-1
20 3am o maybrdlyach lkhatr,-1
iwa w kon kant bntk ,-1
ewa w kon kant khtk hadik,-1
3dmoh  o hniwna ,-1
awdi ystahl wlah ,-1
wlah ila khso ktr,-1
mabrdlyach khatri bdik 6 ans ,-1
kolchi kayghlt o lliGhlet aykhles,-1
lli ghrato dnya aykhls mn 3mro,-1
gol lflos inf3oh ,-1
ewa gol lchora tnf3o ,-1
mzyana fih hhhh,-1
khli jdo hhhhh,-1
tfuu yalkidar l9erd,-1
khrjti elina,-1
mskhout mo,-1
elach drty haka,-1
mekbout,-1
9wad mekbout,-1
ya lkidar,-1
tfu elik,-1
lhmar,-1
hayawan w mamrebich,-1
mnin jaybink,-1
fin mrebi ya skhfan,-1
ach kayshabu rasu,-1
khrej ela lbnt,-1
khrjti eliha yalhmar,-1
elach elach alklb,-1
kanich,-1
kilimini,-1
tfu had wld mo,-1
kidar safe,-1
khrjti ela lbnt w mha,-1
mwlf nta bhad lmasa2ib,-1
mousiba k7la,-1
tfu elik alkidar dzb,-1
bouhati tstahel,-1
tsta79,-1
tfo,-1
mal mk dima ,-1
kand3i fik,-1
layakhd l79 f li kan sbab,-1
dil mk,-1
tfu,-1
ya lhegar,-1
zelal lhegar,-1
9wad,-1
makanch elik dir haka khrjti ela rask,-1
wzrbty am3lm,-1
sir t7bs,-1
khsk t3lm mn hadchi,-1
atrjaalk,-1
ayrjaalk hadchi alkidar,-1
atfooo ela mk,-1
malk malk,-1
9ryed mrakchi,-1
wakha ela mk,-1
tanchdk alklb,-1
ma abat mok,-1
lflus khrju elik askayri,-1
eeeh akha saad wliti moghtasib,-1
tfoww,-1
yawdi yawdi ela tarbya,-1
hmaar mayswach,-1
saad khasso yt3a9eb ela hadchi,-1
"The worst part is that his career, for the most part , is still intact with thousands if not millions of fans still supporting him",-1
I was a fan of Saad. Heart broken to know that he is perhaps a devil inside. I sometimes find it hard to believe. Yet it's heartbreaking,-1
I hate celebrities who abuse their power,-1
Shut up these are allegations and Saad is paying the price for his success .,-1
He only get away with it is because he's famous and the Moroccan king is supporting him paying his legal bills and God knows what else.,-1
"He done the rapes, he went after a sis for his parents and Hollywood, he is involved I heard in a business that is done in Morocco",-1
I don’t support Saad Lamjerred,-1
People are emotional instead of being rational and logical,-1
an aggressor is an aggressor.,-1
this guy is crazy,-1
ظالم,-1
مذنب,-1
لي دار ذنب استاهل لعقوبةً,-1
الله ياخد الحق في الظالم والحقيقة لا يعلمها الا الله,-1
شكون جاء من بعد ما تحكم سعد لمجرد بي 6 سنين,-1
الله ياخد فهوم الحق ياربي,-1
البنت جزاه خير فكتنا من جبهته,-1
سعد مسكين لازين لامجي بكري هذا هو سعد الي ماعنده سعد,-1
حرام !!,-1
الحكم صدر والتحيقيات ثابته بالعقل هذي مو اول بنت يفتصبها,-1
و لم يكن في وعيه و تحت تأثير المخدرات كيفاش تؤمنو ببراءته هو في الحالة هذيكا ما كانش يتفكر اش صار خاصة إذا عمل اوفر دوز,-1
I am shocked,-1
التنين غلطانين تعاطي وتحشيش وزنا,-1
"He did it fact , he went after someone else . He is still at it",-1
اذا قام بفعل دنيئ الضرب والاغتصاب فوجب عقابه لانه لااحد فوق القانون,-1
ان تحت تاثير المخدرات...وكان عنيف واعتدى بطريقة وحشية على لورا,-1
صراحة كل معتدي يستحق العقاب,-1
ولدنا مسكين هو كان سكران وظارب الكوكاين وفركع الرمانة ديال لورا كلنا كوكاين كلنا سكرانين,-1
المخدرات اللي خرجات عليه,-1
دارها راسو دابا شوف كيف حل مشكلة,-1
لاكن استاهل حيت تعطاتو الفرصة باش يهرب و رجع حتال بين يديهم كون بقا فالمغرب غادي يعيش معزز مكرم حتا حد ميقدر يقيسو,-1
لو كان من عامة بسطاء الناس ... لغرق في السجن دون أن يهتم أو يعرف أحد .. لكنه على هوى القطار الأعمى الذي يركبه الجميع,-1
سعد دار علاش ادخل للحبس,-1
سيد سنوات و هو ناكر انه كيدير كوكايين و نتوما تيقتو دابا اعترف انه كيدير الكوكاييين,-1
سنين و قليلة ف حقو حيث دار علاش,-1
نقولو تلوات عليه على حسب هدرة تاع المعجبين لكن واش هو كيرضع صبعو راه كبيير اجمع راسو لكن الله اعفو عليه مبلي,-1
واقيلة مريض نفسيا,-1
غادي يتعاقب على جريمة دارها,-1
السيد عندو شي مشكل نفسي,-1
 عندو سوابق في الاغتصاب و أصلا شام الكوكايين و ضاربها بسكرا يعني رفع عنه القلم ,-1
Bnadem li kiqol bari2 100% how are they able to even conclude beli he's 100% innocent,-1
تاشمن عامين واش كضحك راه متهم فإرتكاب جناية يعني لاتبتات عليه بلي اغتاصبها راه من خمس سنين الفوق,-1
حكمو عليه بست سنين,-1
4 years or less i guess of prison.. aykhrej m3a lmondial nchaalah,-1
أودي 6 سنوات في سجن فرنسا دابا دوز ويخرج,-1
غادي في طريق خايبة,-1
"Kane saken hdaya saad lemjared f paris, vers 2017. Kount kanchoufou dans le quartier wana nhar louwel koun kangoul coupable. Kount mnin kanchoufou kantel 3la rejlih bach ne7chi lih lehdra",-1
معفون,-1
قودها سعد بالروجولة و المشكل تحاكم فأكبر دولة عنصرية فالعالم,-1
على ما سمعت شي 7 ديال البنات لي غتاصبهم,-1
"ghadi ykhewroh mzyan, surtout yalah sift lmghrib dak l français l USA",-1
"y3ni ghadi yfer3oh dial bseh. ama dalil makayench dial l ightisab, kayen dalil dial derb o safi",-1
عبرو عليه,-1
"statistically Man with small d* tend to be agressive during sex''. If that's true, that should explain a lot.",-1
yado fih hadk s3rd lam jard yado fih,-1
خاصو اكتر من 6سنين,-1
هاد لورا راه صاحبة انتيم زاهية دهار ...المهم راه القضية باينة منين فيها زاهية دهار,-1
حتى لو كانت غير مسلمة اذا كانت مظلومة دعائها مستجاب الله سبحانه وتعالى بيرجع حقها وحسبي الله ونعم الوكيل,-1
نا كإمرأة مغربية مسلمة لا أوافق على هذه الجريمة و الحق يعلوا ولا يعلى عليه,-1
. مامرت به كان صعب جدا ,-1
حسبي الله ونعم الوكيل فيه وف كل رجل مش محترم المراءه,-1
He got what he deserved,-1
I think he deserved more than 5 years in jail,-1
جريمة الإغتصاب بالعنف ثابتة على سعد المجرد إذن يستحق أقصى العقوبات,-1
انا لا أُبرء سعد لمجرد ابداااً,-1
ادخل نفسه في مجال وسخ ,-1
يستاهل السجن,-1
يستحق أقصى العقوبات,-1
حياة الفنانين قذارة ,-1
سعد المجرد متهم من قبل بقضايا الإغتصاب و الضرب,-1
خونا يحساب ليه راسو فالمغرب حيت مشهور وملعق غيعطي الفلوس ويخرج منها سالم ساعة هادي جابت لو التمام,-1
6 سنوات قليل .. اخيرا تم الحكم عليه,-1
Dans cette histoire il ya un agresseur et une victime,-1
Il faut qu'il reste au prison toute sa vie normalement,-1
انكر الاغتصاب واقر انه ضربها فهو مدنب,-1
على كل حال اخد أشد عقوبة,-1
"Saad est une bonne personne, à quoi bon lui faire ça ?",-1
مستغرب الي يدافعو عنه,-1
الله يكسفك يا سعد يا فاضحنا,-1
واش انت وحش؟,-1
سعيدو لحبيبيس,-1
يستاهل الحبس الى كان دار هدشي,-1
KHASSO MINIMUM 10 ANS,-1
had saad dssrato lmedia ,-1
saad dar l ghalat w db khasso ykhaless,-1
li dar denb ystahel l3qoba,-1
saad shab rasso flmghrib ydirha w yhreb ,-1
saad jabha frasso had lmera,-1
khlih db howa li darha l rasso,-1
chfti tri9 lhram fin katwssel,-1
saad kan inssan wzin wlkn howa khrej 3la rasso ystahel,-1
Saad lamjared khasso ydzew lhebss bach ytreba,-1
chfti lflouss ch7al dessrato,-1
b9aw fia lbnat li khrj elihom khasso ythasseb,-1
saad choha kaymout ela choha,-1
b9a kaytir ta jabha frasso,-1
ila kan ghalet khasso yt3aqeb wakha mechhor,-1
saad lfennan ila saad l7ebass,-1
tstahel 20ans,-1
mo2bad,-1
yalklb,-1
lhmar lakhur,-1
ya saad lha9ir mousekh,-1
nta mousekh w hayawan,-1
lhmar li wldk,-1
malk kidar malk,-1
mal9itch bach nwsfk,-1
hayawan,-1
mamrebich,-1
khrjty elina,-1
kankehourk alghaby,-1
makanhmlkcg almousekh,-1
tfu ela mk ,-1
ya lkidar lha9ir,-1
ya ela mkk ,-1
fina ghaba 3aych hada,-1
3aych flghaba',-1
tfuu elaa bachar,-1
hmidaa lakhur,-1
kantmnalk ached l3ou9oubat,-1
khray dlhbs,-1
yglsu mk ela l9r3a,-1
tfuu,-1
malk haka malk,-1
klb w kidar,-1
wahch,-1
